{"env/reward": -10.390990032855528, "env/avg_reward": -5.34521036322576, "env/returns": -539.8662466858018, "env/steps": 100.0, "env/state_norm": 3.698383331298828, "env/action_norm": 0.7052183151245117, "model/total_loss": 0.001541114179417491, "model/model_loss": 0.00018693567835725844, "model/reward_loss": 0.001354178530164063, "model/grad_norm": 0.0037967227399349213, "_runtime": 27, "_timestamp": 1615140940, "_step": 10100}